ID,label
000.jpg,3
001.jpg,3
002.jpg,2
003.jpg,0
004.jpg,3
005.jpg,1
006.jpg,1
007.jpg,3
008.jpg,2
009.jpg,0
010.jpg,2
011.jpg,1
012.jpg,2
013.jpg,3
014.jpg,3
015.jpg,2
016.jpg,0
017.jpg,3
018.jpg,2
019.jpg,0
020.jpg,0
021.jpg,3
022.jpg,3
023.jpg,1
024.jpg,1
025.jpg,1
026.jpg,1
027.jpg,3
028.jpg,0
029.jpg,1
030.jpg,2
031.jpg,2
032.jpg,2
033.jpg,0
034.jpg,0
035.jpg,1
036.jpg,2
037.jpg,3
038.jpg,2
039.jpg,0
040.jpg,2
041.jpg,3
042.jpg,3
043.jpg,2
044.jpg,0
045.jpg,1
046.jpg,2
047.jpg,2
048.jpg,1
049.jpg,1
050.jpg,3
051.jpg,2
052.jpg,0
053.jpg,2
054.jpg,0
055.jpg,1
056.jpg,2
057.jpg,2
058.jpg,2
059.jpg,3
060.jpg,1
061.jpg,0
062.jpg,0
063.jpg,2
064.jpg,2
065.jpg,3
066.jpg,0
067.jpg,2
068.jpg,1
069.jpg,3
070.jpg,0
071.jpg,1
072.jpg,0
073.jpg,0
074.jpg,0
075.jpg,0
076.jpg,1
077.jpg,1
078.jpg,0
079.jpg,2
080.jpg,3
081.jpg,3
082.jpg,3
083.jpg,2
084.jpg,0
085.jpg,1
086.jpg,3
087.jpg,2
088.jpg,0
089.jpg,2
090.jpg,3
091.jpg,2
092.jpg,0
093.jpg,2
094.jpg,1
095.jpg,1
096.jpg,2
097.jpg,1
098.jpg,1
099.jpg,0
100.jpg,1
101.jpg,2
102.jpg,2
103.jpg,2
104.jpg,3
105.jpg,3
106.jpg,2
107.jpg,3
108.jpg,0
109.jpg,0
110.jpg,2
111.jpg,2
112.jpg,3
113.jpg,2
114.jpg,3
115.jpg,3
116.jpg,2
117.jpg,0
118.jpg,3
119.jpg,2
120.jpg,2
121.jpg,3
122.jpg,2
123.jpg,3
124.jpg,3
125.jpg,2
126.jpg,3
127.jpg,2
128.jpg,0
129.jpg,0
130.jpg,0
131.jpg,3
132.jpg,3
133.jpg,2
134.jpg,2
135.jpg,1
136.jpg,2
137.jpg,3
138.jpg,3
139.jpg,2
140.jpg,1
141.jpg,3
142.jpg,0
143.jpg,2
144.jpg,1
145.jpg,2
146.jpg,2
147.jpg,2
148.jpg,3
149.jpg,3
150.jpg,2
151.jpg,3
152.jpg,3
153.jpg,0
154.jpg,2
155.jpg,3
156.jpg,3
157.jpg,2
158.jpg,0
159.jpg,2
160.jpg,0
161.jpg,2
162.jpg,1
163.jpg,3
164.jpg,0
165.jpg,0
166.jpg,0
167.jpg,0
168.jpg,1
169.jpg,0
170.jpg,0
171.jpg,2
172.jpg,0
173.jpg,1
174.jpg,1
175.jpg,2
176.jpg,3
177.jpg,1
178.jpg,2
179.jpg,3
180.jpg,2
181.jpg,0
182.jpg,0
183.jpg,3
184.jpg,1
185.jpg,1
186.jpg,2
187.jpg,0
188.jpg,2
189.jpg,0
190.jpg,1
191.jpg,0
192.jpg,1
193.jpg,3
194.jpg,0
195.jpg,1
196.jpg,1
197.jpg,3
198.jpg,2
199.jpg,3
200.jpg,2
201.jpg,0
202.jpg,0
203.jpg,0
204.jpg,2
205.jpg,2
206.jpg,2
207.jpg,1
208.jpg,2
209.jpg,2
210.jpg,3
211.jpg,3
212.jpg,3
213.jpg,2
214.jpg,0
215.jpg,1
216.jpg,0
217.jpg,3
218.jpg,1
219.jpg,2
220.jpg,0
221.jpg,0
222.jpg,3
223.jpg,2
224.jpg,0
225.jpg,2
226.jpg,0
227.jpg,0
228.jpg,0
229.jpg,1
230.jpg,0
231.jpg,3
232.jpg,1
233.jpg,3
234.jpg,2
235.jpg,2
236.jpg,3
237.jpg,3
238.jpg,0
239.jpg,3
240.jpg,0
241.jpg,2
242.jpg,1
243.jpg,0
244.jpg,0
245.jpg,3
246.jpg,1
247.jpg,1
248.jpg,1
249.jpg,1
250.jpg,2
251.jpg,3
252.jpg,2
253.jpg,0
254.jpg,2
255.jpg,3
256.jpg,1
257.jpg,1
258.jpg,0
259.jpg,2
260.jpg,1
261.jpg,3
262.jpg,1
263.jpg,3
264.jpg,3
265.jpg,1
266.jpg,2
267.jpg,0
268.jpg,2
269.jpg,2
270.jpg,0
271.jpg,1
272.jpg,0
273.jpg,3
274.jpg,3
275.jpg,0
276.jpg,0
277.jpg,3
278.jpg,3
279.jpg,1
280.jpg,0
281.jpg,3
282.jpg,0
283.jpg,3
284.jpg,2
285.jpg,0
286.jpg,1
287.jpg,0
288.jpg,3
289.jpg,2
290.jpg,3
291.jpg,2
292.jpg,2
293.jpg,3
294.jpg,0
295.jpg,2
296.jpg,2
297.jpg,3
298.jpg,2
299.jpg,1
300.jpg,3
301.jpg,0
302.jpg,3
303.jpg,3
304.jpg,1
305.jpg,0
306.jpg,0
307.jpg,2
308.jpg,2
309.jpg,3
310.jpg,3
311.jpg,0
312.jpg,3
313.jpg,3
314.jpg,3
315.jpg,3
316.jpg,1
317.jpg,0
318.jpg,0
319.jpg,2
320.jpg,1
321.jpg,3
322.jpg,2
323.jpg,2
324.jpg,2
325.jpg,1
326.jpg,1
327.jpg,3
328.jpg,0
329.jpg,1
330.jpg,1
331.jpg,1
332.jpg,2
333.jpg,2
334.jpg,1
335.jpg,0
336.jpg,0
337.jpg,0
338.jpg,3
339.jpg,1
340.jpg,0
341.jpg,0
342.jpg,1
343.jpg,3
344.jpg,1
345.jpg,3
346.jpg,3
347.jpg,3
348.jpg,2
349.jpg,3
